NroCheque,CodigoBanco,CodigoScurusal,NumeroCuentaOrigen,NumeroCuentaDestino,Valor,FechaOrigen,FechaPago,DNI,Tipo,Estado
8845,052,260,31557041,87474565,289828,1618617600,1646956800,35018263,DEPOSITADO,PENDIENTE
8911,080,226,12722290,82662492,743398,1657497600,1539734400,35018263,EMITIDO,APROBADO
3616,031,137,95234388,29653664,525041,1517702400,1634428800,40559871,EMITIDO,RECHAZADO
4177,029,212,20807682,18104560,975407,1539820800,1645833600,31715094,DEPOSITADO,RECHAZADO
8752,036,131,47569737,14512205,758123,1647907200,1539043200,24225905,DEPOSITADO,APROBADO
9500,058,239,46852597,32529079,261085,1663372800,1614643200,40728897,DEPOSITADO,PENDIENTE
9974,030,164,64888163,93721502,596568,1586131200,1550361600,36014234,EMITIDO,APROBADO
1999,031,236,43730745,93916974,229564,1489276800,1518393600,24225905,EMITIDO,PENDIENTE
0452,047,051,35402927,70767668,850440,1605398400,1487203200,41386787,EMITIDO,RECHAZADO
7689,019,146,28058358,42431392,747025,1579651200,1656115200,24225905,EMITIDO,APROBADO
9433,086,169,54399422,24408213,979941,1611705600,1614729600,13476720,EMITIDO,APROBADO
9752,061,013,40067443,55338369,228718,1561075200,1621296000,35927903,DEPOSITADO,PENDIENTE
1488,075,241,38745598,31680381,716834,1577232000,1586304000,24225905,DEPOSITADO,PENDIENTE
1763,074,031,74371367,59546750,997048,1548633600,1502323200,41229432,EMITIDO,RECHAZADO
0686,045,120,88614711,30610209,976168,1590192000,1523836800,35104252,DEPOSITADO,APROBADO
3531,072,056,29990716,35941581,479095,1566604800,1543017600,28149903,DEPOSITADO,PENDIENTE
1013,042,083,33027821,94562152,811597,1635033600,1607212800,21025713,EMITIDO,APROBADO
9672,087,032,64678399,18015081,962862,1602288000,1621468800,38237119,DEPOSITADO,APROBADO
0537,019,046,52202579,72854269,641954,1569024000,1486944000,11864247,DEPOSITADO,PENDIENTE
5511,004,128,81661164,49439922,562912,1603584000,1514332800,20888424,DEPOSITADO,APROBADO
8021,070,252,95968097,12223249,614936,1620604800,1617580800,35018263,DEPOSITADO,RECHAZADO
7149,076,246,79044219,83391249,970503,1551484800,1491436800,11432502,DEPOSITADO,PENDIENTE
9839,048,116,77920378,18758025,162151,1634256000,1658707200,10370052,EMITIDO,RECHAZADO
1319,008,098,20159164,88927544,449941,1563840000,1528070400,33867124,EMITIDO,PENDIENTE
7749,012,180,77391939,14287126,722026,1566259200,1666828800,40559871,DEPOSITADO,APROBADO
5095,073,194,28380488,26005316,410565,1576886400,1600214400,30619426,EMITIDO,RECHAZADO
7991,092,294,90590467,91714819,28923,1637193600,1670716800,26865801,EMITIDO,APROBADO
9666,001,019,35060959,66889429,436924,1495929600,1488326400,25171257,DEPOSITADO,RECHAZADO
6625,080,164,15452296,67302838,674090,1608681600,1581379200,19308127,DEPOSITADO,PENDIENTE
1662,009,089,59902361,77373996,911107,1618444800,1604448000,27647633,DEPOSITADO,RECHAZADO
7283,038,225,96777440,79994530,644876,1600214400,1582416000,35018263,EMITIDO,RECHAZADO
0677,087,153,98987755,69887716,22343,1639180800,1637107200,14585845,EMITIDO,RECHAZADO
9651,017,155,57766005,43137895,870854,1548547200,1515974400,35018263,EMITIDO,RECHAZADO
5722,059,099,85398778,32702390,834147,1643760000,1528588800,35000736,EMITIDO,APROBADO
8027,042,204,36799707,54813969,639669,1630972800,1617926400,22001881,DEPOSITADO,PENDIENTE
8906,011,245,44629169,57297360,842886,1503360000,1624406400,30938758,EMITIDO,APROBADO
0051,056,290,12983468,56812455,749464,1491004800,1603238400,36943956,DEPOSITADO,PENDIENTE
6752,041,190,34466541,42483865,476987,1551312000,1631145600,40559871,EMITIDO,APROBADO
6613,056,082,23315855,78175442,195095,1551916800,1576454400,43008910,EMITIDO,PENDIENTE
2325,016,043,64538363,70414078,138006,1623715200,1543708800,35553696,DEPOSITADO,APROBADO
3258,036,091,37655197,34934169,994445,1637107200,1583452800,31715094,DEPOSITADO,RECHAZADO
8989,023,113,65947122,34744285,251038,1496620800,1495497600,16592429,EMITIDO,RECHAZADO
9456,027,098,58293482,60556104,647570,1484697600,1665360000,21430431,DEPOSITADO,PENDIENTE
0343,071,144,62799733,28872505,681214,1588464000,1496448000,35018263,EMITIDO,RECHAZADO
8351,074,261,99516851,37202617,886169,1576972800,1483574400,26054542,EMITIDO,PENDIENTE
9489,027,119,74008351,20283742,61410,1495065600,1571270400,8465843,EMITIDO,PENDIENTE
3661,074,044,13281225,17349951,536795,1512864000,1592697600,10004070,EMITIDO,PENDIENTE
9818,041,017,20864882,31576523,768954,1650153600,1660348800,26044002,DEPOSITADO,APROBADO
6076,097,215,17437493,59324105,770600,1615161600,1529366400,44825554,EMITIDO,APROBADO
5900,025,022,50048256,74816001,378495,1536796800,1486080000,31715094,DEPOSITADO,APROBADO
1391,042,107,70324391,84134728,538382,1646697600,1528934400,24225905,EMITIDO,APROBADO
2674,010,157,15149500,12132895,22308,1534550400,1570665600,41463489,EMITIDO,RECHAZADO
0906,088,006,83704133,84978631,801377,1503446400,1524787200,31715094,DEPOSITADO,PENDIENTE
4230,053,076,77965588,64552361,624071,1504656000,1488844800,28026405,DEPOSITADO,APROBADO
1342,062,244,37189294,90838839,746731,1523491200,1625788800,44722138,DEPOSITADO,APROBADO
9570,076,205,17611827,93834110,650570,1568678400,1588723200,40559871,EMITIDO,APROBADO
7315,036,241,48382127,17661572,638811,1523664000,1644796800,31715094,EMITIDO,PENDIENTE
5254,083,180,79674550,43755944,64129,1595894400,1531440000,30727963,DEPOSITADO,RECHAZADO
0435,090,017,76573973,70741438,114833,1540598400,1639872000,35018263,DEPOSITADO,PENDIENTE
0318,082,139,33504278,61993309,237287,1595203200,1600646400,30216814,EMITIDO,RECHAZADO
3917,015,093,74783084,82472141,753195,1601683200,1488153600,40451116,EMITIDO,PENDIENTE
8084,014,113,11955641,15565595,198622,1604275200,1513814400,33140305,EMITIDO,APROBADO
1241,078,047,45488479,52090547,642274,1621209600,1502841600,24225905,DEPOSITADO,RECHAZADO
2964,095,039,41349887,15697197,766510,1662076800,1547596800,13476720,DEPOSITADO,RECHAZADO
8719,060,126,35485320,51452659,348155,1577923200,1597536000,31715094,EMITIDO,APROBADO
6157,088,086,78243867,64655890,112034,1488240000,1642032000,40559871,DEPOSITADO,PENDIENTE
9132,088,125,87984880,26325781,139470,1519862400,1563753600,34908447,EMITIDO,PENDIENTE
8543,002,208,47168812,46135042,816971,1551916800,1552953600,44117810,EMITIDO,PENDIENTE
6116,027,210,11159054,19091852,308579,1601856000,1640563200,9221202,DEPOSITADO,RECHAZADO
5477,010,196,29017925,41289038,770548,1652400000,1549756800,38419432,DEPOSITADO,RECHAZADO
4036,014,139,12262929,42965988,568205,1567814400,1600128000,31715094,DEPOSITADO,APROBADO
5527,085,187,72948836,96109964,700302,1498867200,1643846400,24897313,DEPOSITADO,RECHAZADO
7539,079,140,25015864,45415844,356360,1648771200,1513036800,31715094,EMITIDO,APROBADO
3542,066,076,43493567,14128083,800517,1628726400,1623974400,43442829,EMITIDO,APROBADO
0543,095,071,50919138,67115010,107996,1546905600,1490659200,35018263,EMITIDO,PENDIENTE
4388,034,010,43283885,88714150,897327,1571443200,1632787200,40559871,EMITIDO,RECHAZADO
9617,028,291,94956854,38536337,368979,1557792000,1496620800,24225905,DEPOSITADO,PENDIENTE
3501,097,157,15199892,10539435,576564,1531785600,1503187200,13476720,EMITIDO,APROBADO
7961,029,211,66986030,65218066,791735,1509148800,1607558400,31715094,DEPOSITADO,PENDIENTE
9350,092,030,29231239,70838830,882078,1517616000,1601942400,13476720,EMITIDO,APROBADO
1094,010,203,47473903,91914820,116088,1564012800,1517616000,36649438,EMITIDO,RECHAZADO
4056,027,105,74617745,98597752,402067,1618358400,1632268800,31715094,EMITIDO,RECHAZADO
0306,095,078,25840109,49758522,600640,1570492800,1517097600,17549349,EMITIDO,APROBADO
3512,022,026,66980124,95443693,150554,1566777600,1592265600,15161840,EMITIDO,PENDIENTE
0090,071,037,91980480,28919907,387644,1658880000,1643328000,23650865,DEPOSITADO,PENDIENTE
2323,048,045,24875068,63349007,709538,1526169600,1619222400,24225905,EMITIDO,APROBADO
5190,024,113,95690324,38196781,50052,1527984000,1531267200,15660617,DEPOSITADO,RECHAZADO
6660,019,087,28384432,99531103,433713,1571270400,1563753600,31715094,DEPOSITADO,APROBADO
2522,051,005,49573846,58690604,197646,1492732800,1623283200,32867459,EMITIDO,RECHAZADO
6322,003,126,25417018,68102772,554393,1608163200,1483228800,40559871,DEPOSITADO,PENDIENTE
4144,038,196,16965688,31649139,544804,1531526400,1580601600,40559871,DEPOSITADO,PENDIENTE
9210,050,035,46164125,21875631,970061,1644019200,1577491200,24225905,EMITIDO,PENDIENTE
7856,097,299,45536347,51965931,578108,1565395200,1486771200,31715094,DEPOSITADO,APROBADO
0772,084,044,47507944,57334104,824520,1641772800,1658707200,29797949,DEPOSITADO,RECHAZADO
4144,019,190,42134419,97713195,877597,1647388800,1556755200,24225905,EMITIDO,APROBADO
6579,045,078,61500056,55246853,706624,1638316800,1556150400,40559871,DEPOSITADO,APROBADO
7445,049,047,52960119,52817889,552739,1636502400,1550620800,32363747,DEPOSITADO,APROBADO
0375,048,217,72875693,49598042,511257,1535760000,1485043200,36738838,EMITIDO,PENDIENTE
7683,050,190,47137216,64504450,959795,1491004800,1542758400,31715094,EMITIDO,APROBADO
9441,063,142,18008493,56119885,894153,1645833600,1606262400,32541891,EMITIDO,APROBADO
5330,009,193,52716348,98067039,928878,1662768000,1592438400,24225905,EMITIDO,APROBADO
2663,072,224,67803658,72856879,630891,1598140800,1617321600,42369754,EMITIDO,RECHAZADO
6585,060,149,90217359,23148116,367109,1672099200,1488672000,15400312,DEPOSITADO,RECHAZADO
6313,090,107,19279900,92781975,75820,1666137600,1525651200,38709404,DEPOSITADO,RECHAZADO
3739,005,035,33818529,23031062,965788,1605830400,1611792000,40559871,DEPOSITADO,PENDIENTE
8310,016,027,99368672,79824423,691050,1589500800,1643241600,27093273,EMITIDO,RECHAZADO
3684,054,087,59591230,86333587,971551,1528502400,1537488000,25751084,EMITIDO,PENDIENTE
0817,073,094,96519519,90799279,146873,1585785600,1615075200,24225905,EMITIDO,PENDIENTE
1257,050,056,47529396,72589713,870256,1545696000,1563062400,39165595,EMITIDO,APROBADO
1328,027,252,46819299,80094286,152326,1638576000,1528329600,20827101,DEPOSITADO,RECHAZADO
6672,049,181,87483555,90765422,304162,1512864000,1556668800,24225905,DEPOSITADO,APROBADO
8491,024,049,80771445,99780893,328022,1585094400,1521331200,35435827,DEPOSITADO,RECHAZADO
2494,063,268,90329728,19571732,415182,1644192000,1524182400,10073652,EMITIDO,APROBADO
1947,090,204,40615936,50128729,393058,1555459200,1558742400,39572108,EMITIDO,APROBADO
4194,036,222,56312057,68590414,664903,1516665600,1654819200,13476720,EMITIDO,RECHAZADO
5941,100,033,83355546,30524619,590470,1528243200,1623888000,24225905,DEPOSITADO,PENDIENTE
2280,024,137,70837781,77000615,320172,1581379200,1567987200,34025256,EMITIDO,PENDIENTE
6022,011,137,89952192,59379265,846561,1526428800,1562803200,26655499,DEPOSITADO,APROBADO
5254,047,067,98654035,78073984,39675,1648771200,1602633600,40559871,EMITIDO,RECHAZADO
8448,098,087,36663559,75798752,621631,1576886400,1658016000,24225905,EMITIDO,APROBADO
9527,059,031,92445478,58057632,573209,1537920000,1607040000,40118212,DEPOSITADO,RECHAZADO
6762,090,142,84524374,41848252,22340,1630800000,1574121600,30037911,EMITIDO,PENDIENTE
1160,076,227,65970324,30261031,940130,1646784000,1494633600,27620754,DEPOSITADO,APROBADO
9080,065,095,94125894,24522142,973508,1529539200,1559952000,25471703,DEPOSITADO,APROBADO
0588,096,070,76889468,64508739,611334,1554076800,1599523200,16503287,EMITIDO,RECHAZADO
2970,083,268,23955622,78873822,430281,1545264000,1619481600,28507177,EMITIDO,APROBADO
0075,096,206,10261009,60298751,330389,1584576000,1611100800,13476720,EMITIDO,APROBADO
7454,069,159,30937271,54003699,303930,1520467200,1566000000,38649831,DEPOSITADO,APROBADO
4421,024,280,97797214,52221355,347711,1572220800,1578441600,40559871,EMITIDO,RECHAZADO
7692,079,208,78626905,36745082,572477,1576108800,1540339200,35102659,DEPOSITADO,PENDIENTE
2450,008,115,67954785,48055757,233224,1554681600,1530144000,14493499,EMITIDO,PENDIENTE
5906,010,075,88587291,78209507,914074,1568073600,1518134400,40396939,EMITIDO,RECHAZADO
1908,054,165,18053887,19296284,727629,1528070400,1489536000,26154515,DEPOSITADO,RECHAZADO
4673,047,089,60383845,49648586,964093,1631059200,1552176000,20831939,DEPOSITADO,RECHAZADO
7345,080,114,63512680,22204156,435181,1548460800,1553731200,26123478,EMITIDO,RECHAZADO
2676,004,018,17088934,78338099,707486,1578700800,1494288000,34350384,EMITIDO,PENDIENTE
7201,092,100,78172513,96330466,168539,1637625600,1496793600,24225905,DEPOSITADO,APROBADO
3929,014,162,79952723,30495165,688292,1663718400,1596326400,40559871,EMITIDO,APROBADO
8921,027,098,30987149,66522900,592788,1529020800,1669161600,31166863,DEPOSITADO,PENDIENTE
9028,033,226,98399958,85649995,128005,1602115200,1666483200,24225905,DEPOSITADO,APROBADO
4804,083,013,88376985,58587152,282233,1493942400,1617235200,24225905,DEPOSITADO,PENDIENTE
6917,054,201,99524319,52422957,241283,1615852800,1575158400,13476720,EMITIDO,RECHAZADO
9410,041,159,14117807,55081264,127187,1539561600,1622851200,34690347,DEPOSITADO,RECHAZADO
8774,013,016,43484263,47538876,611891,1663545600,1534204800,34824864,EMITIDO,PENDIENTE
5091,010,171,95053592,49463436,954538,1605052800,1502755200,35865009,EMITIDO,APROBADO
6245,069,039,10891020,33546027,860473,1520553600,1572220800,33470626,EMITIDO,APROBADO
9664,007,016,52488043,20269931,636013,1663632000,1661472000,40559871,EMITIDO,APROBADO
9610,019,058,37058939,76170251,697070,1634515200,1497571200,34905909,DEPOSITADO,PENDIENTE
7549,049,278,53688810,64087463,574939,1591142400,1650758400,40559871,DEPOSITADO,RECHAZADO
0722,062,184,98385016,37216886,855536,1661299200,1608854400,15744997,EMITIDO,RECHAZADO
3263,099,070,53748182,39035901,458599,1531008000,1646006400,24225905,DEPOSITADO,PENDIENTE
6460,077,023,54513033,60347256,619292,1516752000,1555632000,12809056,EMITIDO,APROBADO
3585,012,275,37152843,52233268,199846,1665100800,1537488000,24225905,EMITIDO,PENDIENTE
8161,079,084,39393205,59729149,649319,1495497600,1576540800,12287430,EMITIDO,APROBADO
8879,068,065,99878518,81167628,838175,1512864000,1544140800,24225905,DEPOSITADO,RECHAZADO
6934,069,017,56389182,60249531,485583,1563753600,1541635200,37266156,DEPOSITADO,APROBADO
3228,015,254,10871318,32148972,200212,1666396800,1536883200,43897861,EMITIDO,RECHAZADO
9226,078,074,86207229,90791494,837781,1666742400,1575158400,22699392,EMITIDO,APROBADO
9019,036,078,95730798,56250149,670427,1650412800,1547683200,27340437,DEPOSITADO,RECHAZADO
5377,037,062,96330459,84078645,467347,1613001600,1532563200,16706325,EMITIDO,APROBADO
9458,065,026,93721484,71201731,165242,1670025600,1625097600,29841883,EMITIDO,APROBADO
8725,039,023,48773119,52154174,479142,1616284800,1554681600,38729727,DEPOSITADO,RECHAZADO
6151,078,168,15411730,60866156,436189,1551312000,1648944000,13476720,DEPOSITADO,RECHAZADO
6250,003,099,14870156,60258724,312422,1513123200,1503100800,40559871,DEPOSITADO,PENDIENTE
7893,065,194,31673092,52732103,290795,1502236800,1563408000,13178029,DEPOSITADO,RECHAZADO
1937,065,190,94405454,41157806,358379,1656028800,1492041600,36790235,EMITIDO,RECHAZADO
8130,084,047,35033297,35628429,771942,1658707200,1607558400,13476720,DEPOSITADO,APROBADO
0505,061,072,93174295,52197944,901474,1540425600,1511049600,13476720,EMITIDO,APROBADO
7210,090,136,14270216,98447165,537085,1557619200,1620432000,38895913,EMITIDO,APROBADO
0082,094,114,53364523,83210911,574711,1489622400,1641945600,33039178,EMITIDO,APROBADO
5894,030,150,55154689,60838258,57227,1660521600,1636934400,22240504,DEPOSITADO,PENDIENTE
5106,097,291,98649744,74491008,842072,1578009600,1622851200,43498297,DEPOSITADO,PENDIENTE
3528,006,052,95832932,35771114,858392,1492387200,1589414400,27718504,DEPOSITADO,APROBADO
5701,051,273,50183135,75765868,857341,1493856000,1589673600,31102594,DEPOSITADO,PENDIENTE
6415,003,234,88246657,94408438,939130,1641686400,1636329600,28652399,DEPOSITADO,RECHAZADO
9825,084,254,62799231,95645447,454593,1484697600,1573084800,40559871,DEPOSITADO,APROBADO
6217,021,102,52666198,84634500,398600,1538524800,1486425600,31064457,DEPOSITADO,RECHAZADO
5852,030,234,38045083,30855848,797915,1535846400,1586563200,28366724,DEPOSITADO,APROBADO
7339,072,282,87472415,78941661,53902,1485993600,1484611200,31299114,DEPOSITADO,APROBADO
2493,073,003,70061493,52265218,811424,1594512000,1631232000,27807913,EMITIDO,RECHAZADO
6273,045,265,24365851,80502510,169217,1651708800,1545609600,17283789,DEPOSITADO,PENDIENTE
4569,034,032,16384052,78834516,997742,1663200000,1604707200,20266727,DEPOSITADO,RECHAZADO
3257,024,028,44776975,60015674,900540,1561075200,1584144000,26659588,DEPOSITADO,APROBADO
0635,076,085,85343976,75064274,456859,1507507200,1625356800,35018263,EMITIDO,APROBADO
3969,038,027,25443714,60213630,494806,1483574400,1582329600,40559871,EMITIDO,RECHAZADO
8297,029,038,26347221,55207640,65204,1591401600,1621555200,13476720,EMITIDO,RECHAZADO
4460,074,187,59252648,20510800,393253,1613088000,1636934400,33285414,DEPOSITADO,RECHAZADO
3492,029,286,20534511,16421952,929498,1651449600,1648857600,31179096,EMITIDO,PENDIENTE
2686,099,191,60537721,58631457,575020,1583539200,1649289600,14761433,EMITIDO,PENDIENTE
0616,046,023,88557227,59053960,489474,1576454400,1507680000,40559871,EMITIDO,PENDIENTE
6758,034,099,73513356,74466195,904633,1659484800,1503014400,16268075,EMITIDO,PENDIENTE
3560,074,112,79950060,79860756,126917,1518998400,1569628800,34353810,EMITIDO,RECHAZADO
6743,038,181,73941445,72599812,974247,1626048000,1670716800,21261632,EMITIDO,RECHAZADO
3829,042,206,59142391,63364325,293711,1556409600,1613520000,13476720,DEPOSITADO,RECHAZADO
3658,041,136,99425361,61719318,708163,1579564800,1668038400,29215292,DEPOSITADO,PENDIENTE
3560,044,247,82503546,16919354,907254,1570924800,1521676800,21330445,DEPOSITADO,RECHAZADO
2748,061,152,58940742,89555502,902034,1666483200,1495843200,40559871,EMITIDO,APROBADO
6534,029,061,44511943,54000703,363217,1613088000,1617926400,35018263,EMITIDO,PENDIENTE
4656,010,244,81758741,93970680,739993,1523923200,1633478400,42332891,EMITIDO,APROBADO
3552,087,147,70419233,44066695,375324,1647907200,1668297600,12702028,DEPOSITADO,PENDIENTE
1569,003,235,11555668,85489004,644491,1507852800,1527033600,8261390,EMITIDO,APROBADO
8824,001,054,66626745,11553448,465591,1645574400,1511740800,29093611,DEPOSITADO,APROBADO
4837,017,299,86098947,17758183,504837,1639440000,1499731200,17477691,EMITIDO,PENDIENTE
2366,017,287,67178628,56998272,294608,1535760000,1490400000,35994908,EMITIDO,APROBADO
3514,050,159,87823096,34897380,94470,1573171200,1654300800,30873922,DEPOSITADO,PENDIENTE
8263,013,025,44944900,89673049,114895,1568764800,1627257600,37398411,DEPOSITADO,PENDIENTE
8164,049,093,79925550,89011890,547362,1581984000,1544054400,13476720,DEPOSITADO,RECHAZADO
2420,037,220,69003759,92703634,246306,1672012800,1651104000,25448254,DEPOSITADO,APROBADO
7927,076,054,87024792,28141043,9444,1628121600,1524873600,32206219,DEPOSITADO,RECHAZADO
6350,014,208,75996032,29785558,767683,1516147200,1659657600,22648180,EMITIDO,RECHAZADO
6657,062,035,15654567,97279909,148300,1662249600,1554422400,13182771,DEPOSITADO,APROBADO
7068,066,258,10890694,62115751,363160,1654473600,1671321600,22730661,EMITIDO,APROBADO
9989,045,232,17914122,56068868,723180,1645315200,1526860800,13197520,EMITIDO,APROBADO
1835,059,032,89704951,54894679,743730,1541721600,1548374400,35646824,EMITIDO,PENDIENTE
0706,011,033,31084203,95836500,329522,1629849600,1486339200,31132229,EMITIDO,RECHAZADO
4874,012,165,25516057,80789009,655615,1606953600,1512432000,30614094,EMITIDO,RECHAZADO
9735,006,108,93078203,81789080,675289,1586908800,1499558400,28168018,EMITIDO,PENDIENTE
2674,086,151,61650696,56942627,318098,1541203200,1563494400,21184475,DEPOSITADO,APROBADO
8950,050,218,66279990,33724578,471469,1502582400,1599350400,40559871,DEPOSITADO,RECHAZADO
2525,020,116,89381176,19271402,341402,1562716800,1534204800,40073243,EMITIDO,APROBADO
4315,076,030,38822126,52011164,727602,1604448000,1615075200,13476720,EMITIDO,APROBADO
1572,062,119,29943104,73595306,37897,1531872000,1656806400,24070964,DEPOSITADO,PENDIENTE
5089,085,261,89770907,67170022,500674,1621641600,1577145600,23697694,EMITIDO,RECHAZADO
4620,085,244,52378708,20350599,377098,1535932800,1541808000,13476720,DEPOSITADO,PENDIENTE
9482,013,116,57166457,33486650,421239,1515542400,1547769600,13476720,EMITIDO,PENDIENTE
1243,091,010,76364769,35784873,583188,1538611200,1620259200,11688670,EMITIDO,APROBADO
8980,019,060,64347564,44506223,797331,1540684800,1644796800,40559871,DEPOSITADO,PENDIENTE
1758,087,238,76091423,93230559,494310,1592784000,1509840000,13706000,DEPOSITADO,APROBADO
4998,062,097,55436077,17559699,574114,1486944000,1486944000,19594289,EMITIDO,APROBADO
4409,084,143,53508528,65027822,338213,1586649600,1635206400,44647300,DEPOSITADO,PENDIENTE
2463,098,144,82259038,49851607,730170,1537401600,1590019200,18249663,EMITIDO,APROBADO
3641,003,125,70694673,10641409,271485,1513814400,1614556800,31641767,EMITIDO,PENDIENTE
5603,095,128,22638674,90038157,69626,1583193600,1546646400,34412031,EMITIDO,PENDIENTE
7500,011,173,92746614,26905226,245501,1627084800,1653004800,39443620,DEPOSITADO,RECHAZADO
2676,013,297,46770037,48339883,31341,1605916800,1576368000,10305752,EMITIDO,PENDIENTE
0976,044,108,32783359,76711435,156214,1549411200,1642118400,26184894,DEPOSITADO,RECHAZADO
9739,005,248,75504854,45367945,333246,1625875200,1561161600,13476720,EMITIDO,APROBADO
5875,093,007,51290277,26803620,414890,1644883200,1540425600,25865902,DEPOSITADO,RECHAZADO
5971,095,147,51897765,79155252,688289,1651536000,1604793600,12265364,EMITIDO,PENDIENTE
7116,015,109,57905594,10681254,462719,1588809600,1583193600,29300020,EMITIDO,PENDIENTE
7136,060,189,51189273,68211089,6217,1645574400,1487289600,29553567,EMITIDO,APROBADO
1386,038,135,66681423,13488846,702659,1627776000,1526169600,25442757,DEPOSITADO,PENDIENTE
6498,080,045,65873477,76172655,634371,1547251200,1498089600,21411287,DEPOSITADO,PENDIENTE
4930,061,070,72289267,62896963,439596,1576108800,1635897600,43749616,EMITIDO,APROBADO
3211,100,174,81643364,39787708,872921,1585699200,1548979200,15949059,DEPOSITADO,RECHAZADO
2204,032,207,67185278,42645877,912616,1487635200,1575936000,10686596,EMITIDO,PENDIENTE
7962,002,070,27307140,14866527,462130,1664668800,1665878400,40559871,DEPOSITADO,PENDIENTE
2836,043,237,85972484,97412911,959484,1626825600,1510099200,33711121,EMITIDO,APROBADO
4469,059,132,98084022,15859413,227098,1483833600,1516060800,22899655,EMITIDO,PENDIENTE
5176,012,006,55971065,61344254,955107,1652227200,1520985600,13476720,EMITIDO,APROBADO
7615,002,204,52082409,80774984,739869,1608076800,1495324800,27824456,DEPOSITADO,RECHAZADO
2534,071,115,12506963,83550574,262037,1495929600,1600041600,18147031,EMITIDO,RECHAZADO
9592,042,053,27341733,38314990,301246,1637452800,1589587200,14017521,DEPOSITADO,RECHAZADO
1661,089,233,86490130,65960613,97905,1615248000,1534896000,10856518,DEPOSITADO,APROBADO
6157,005,261,29598341,35605131,879706,1573689600,1531094400,30560690,EMITIDO,APROBADO
0410,098,242,66687500,23439847,286648,1612915200,1663200000,40559871,EMITIDO,APROBADO
6686,058,157,86165945,42492735,293628,1538092800,1669507200,13476720,EMITIDO,RECHAZADO
2150,062,231,54040588,64917720,361083,1642204800,1543190400,30845855,EMITIDO,RECHAZADO
9545,053,147,38006113,10485185,402526,1629072000,1529712000,24020390,DEPOSITADO,RECHAZADO
2894,066,296,81508453,54090969,546280,1516752000,1630800000,13476720,EMITIDO,RECHAZADO
6313,033,193,85244957,80451483,234087,1620864000,1590537600,24399912,EMITIDO,RECHAZADO
6279,016,102,94298724,68713779,882687,1579910400,1597968000,43000804,EMITIDO,PENDIENTE
6668,086,258,18130372,31453567,948660,1552003200,1585180800,34415206,EMITIDO,PENDIENTE
1094,092,042,60989806,90442439,660885,1590969600,1565740800,40643511,DEPOSITADO,APROBADO
9713,082,087,60340684,79788182,929264,1488672000,1580860800,13476720,DEPOSITADO,RECHAZADO
6575,090,193,69805300,59423627,155208,1593820800,1550880000,13476720,EMITIDO,RECHAZADO
5621,009,099,50206973,76093687,699924,1632700800,1647475200,13809860,EMITIDO,PENDIENTE
3250,001,125,59510253,83463894,288670,1623542400,1651968000,37732765,EMITIDO,APROBADO
9314,076,219,97873647,32462657,6118,1486857600,1543622400,40559871,EMITIDO,RECHAZADO
3870,085,166,44007028,45823875,810044,1484697600,1503014400,16897283,DEPOSITADO,PENDIENTE
1373,067,037,50167699,31082889,961827,1632441600,1624838400,17110062,EMITIDO,APROBADO
5629,045,285,41774107,66490943,176270,1541635200,1671408000,35208136,EMITIDO,RECHAZADO
7900,084,223,91144035,26963886,705458,1514073600,1583884800,35010937,EMITIDO,PENDIENTE
5994,092,082,35851778,44679046,928623,1599782400,1593648000,31325070,DEPOSITADO,PENDIENTE
9702,042,200,62247879,46839045,148507,1565654400,1632528000,18125194,EMITIDO,RECHAZADO
2324,071,180,96714455,23496876,209446,1511395200,1494633600,21525722,EMITIDO,PENDIENTE
3531,032,208,42150504,47830141,515919,1644364800,1618012800,12548112,DEPOSITADO,RECHAZADO
5198,029,052,36904015,47809827,941474,1590364800,1631750400,31009754,DEPOSITADO,PENDIENTE
1436,034,089,25072501,54310291,163927,1514332800,1575331200,21604090,EMITIDO,APROBADO
6990,080,190,87806032,85679641,935869,1556236800,1583971200,20438632,EMITIDO,APROBADO
9147,096,207,61373755,91536600,75930,1562976000,1670457600,40559871,DEPOSITADO,APROBADO
9241,086,038,26282926,36017199,674635,1533513600,1564963200,44309563,EMITIDO,PENDIENTE
2216,068,181,98245656,24485801,707144,1625270400,1618444800,11985065,EMITIDO,PENDIENTE
7741,018,011,63339034,55619476,581013,1638057600,1615680000,18392773,DEPOSITADO,PENDIENTE
9229,027,109,29001217,57521835,382983,1583280000,1579564800,31715094,EMITIDO,APROBADO
2861,035,094,99537590,16494830,684218,1587686400,1550016000,42498650,DEPOSITADO,PENDIENTE
6891,086,127,31000093,85903835,783900,1640390400,1584144000,27452708,DEPOSITADO,APROBADO
4565,080,223,43590108,93133838,167805,1525132800,1494633600,31715094,DEPOSITADO,PENDIENTE
3188,025,071,28726673,72726163,663913,1519084800,1495497600,44193352,EMITIDO,RECHAZADO
0744,030,165,57852774,82699435,948050,1602288000,1499299200,31715094,EMITIDO,PENDIENTE
5958,080,148,41980084,42295570,322708,1619136000,1635811200,31715094,DEPOSITADO,APROBADO
0011,001,048,98564453,43704008,985620,1620345600,1565568000,31715094,EMITIDO,RECHAZADO
2864,060,070,85797625,91738081,295577,1600387200,1557187200,26599755,DEPOSITADO,PENDIENTE
2886,093,122,45853822,66506439,858931,1502064000,1589673600,40559871,EMITIDO,PENDIENTE
5802,074,153,34469452,41443539,502276,1494028800,1625443200,40768610,DEPOSITADO,RECHAZADO
7013,012,198,28062875,16442211,797649,1618358400,1544054400,20812121,EMITIDO,RECHAZADO
3324,022,223,35171288,42520906,292167,1635811200,1601683200,18502788,DEPOSITADO,APROBADO
4232,033,113,30574243,42123836,946076,1486771200,1580774400,30527073,EMITIDO,PENDIENTE
9421,021,024,82243594,90416110,480086,1566000000,1580515200,13577282,EMITIDO,PENDIENTE
9895,079,122,66006058,77944076,14491,1653609600,1581897600,40559871,EMITIDO,APROBADO
1867,093,044,56864662,94170926,241648,1613174400,1592524800,12178929,DEPOSITADO,APROBADO
3176,079,143,80391541,65775836,494949,1493769600,1489968000,20453185,DEPOSITADO,PENDIENTE
0430,099,005,65867855,99802291,696158,1640390400,1556928000,31715094,EMITIDO,RECHAZADO
2582,064,227,56378803,73320476,62198,1574640000,1636329600,38149143,DEPOSITADO,PENDIENTE
7672,088,256,21823677,94519330,851287,1540512000,1574380800,16253193,EMITIDO,APROBADO
6338,099,239,76707301,70664422,326274,1612224000,1607731200,41750067,EMITIDO,PENDIENTE
2806,085,238,43590980,18551699,408454,1615593600,1554163200,27834327,EMITIDO,APROBADO
9791,046,081,66007147,50367658,901005,1506124800,1571443200,25112768,DEPOSITADO,PENDIENTE
2996,031,268,83456602,52592013,10105,1661644800,1563062400,14686908,EMITIDO,RECHAZADO
8229,079,031,33933910,78180864,761791,1624838400,1504396800,40559871,DEPOSITADO,RECHAZADO
6808,041,117,84031799,49083395,974985,1651017600,1618963200,25749080,EMITIDO,RECHAZADO
8342,089,092,86800818,11504777,763430,1621814400,1600732800,31715094,EMITIDO,RECHAZADO
7764,070,127,51243505,43826558,60764,1498521600,1576627200,8923292,DEPOSITADO,PENDIENTE
6921,041,124,19148183,20326468,738538,1490486400,1543190400,19969630,DEPOSITADO,RECHAZADO
9526,031,036,74845388,69268708,444554,1584230400,1527465600,31715094,DEPOSITADO,APROBADO
9647,031,070,57009739,67702560,949585,1530576000,1667692800,24985270,EMITIDO,APROBADO
7775,088,018,14905638,11138069,262334,1628121600,1485993600,36198162,EMITIDO,RECHAZADO
1477,009,217,42371745,73420353,642765,1592697600,1501200000,31715094,DEPOSITADO,APROBADO
0024,030,068,98818825,46741238,370845,1551139200,1558224000,16107390,DEPOSITADO,PENDIENTE
4576,073,220,49679623,52408877,238111,1601596800,1585267200,26322270,DEPOSITADO,PENDIENTE
9319,042,031,84366362,39329992,985657,1509148800,1535414400,32858393,DEPOSITADO,APROBADO
3265,045,198,99073743,50234048,977651,1572652800,1574899200,17804776,DEPOSITADO,PENDIENTE
3799,098,107,60089294,59605129,262347,1667779200,1498521600,32446037,DEPOSITADO,RECHAZADO
8801,044,148,13599609,74693766,974751,1528329600,1653609600,35498139,EMITIDO,APROBADO
2879,007,129,81258391,22847522,894311,1639267200,1670112000,19922992,EMITIDO,APROBADO
7818,083,036,42502169,33284981,618104,1557878400,1607817600,34155787,DEPOSITADO,PENDIENTE
6749,076,134,40264830,68522799,667473,1578355200,1649548800,36042415,EMITIDO,PENDIENTE
0809,048,294,41419052,22945382,669688,1488067200,1644883200,14527702,EMITIDO,RECHAZADO
8344,002,194,74034662,15034164,821276,1513468800,1564099200,42688587,EMITIDO,APROBADO
0239,050,113,43111720,67726326,947766,1484870400,1579824000,31715094,DEPOSITADO,RECHAZADO
7492,069,125,25279283,79855043,47743,1572048000,1650844800,29234842,EMITIDO,PENDIENTE
5812,021,175,10227952,25001300,512451,1592179200,1507507200,24587716,EMITIDO,APROBADO
9461,060,296,40999525,62929941,296075,1650412800,1583366400,19843736,EMITIDO,RECHAZADO
7627,042,052,92008196,69623729,943080,1601856000,1547942400,33072851,DEPOSITADO,RECHAZADO
8291,026,210,76152525,24107344,678937,1639180800,1624665600,31715094,DEPOSITADO,APROBADO
5727,075,040,53624480,67972600,814209,1556928000,1584835200,31316996,DEPOSITADO,PENDIENTE
9105,086,142,63919252,19608676,719700,1605398400,1571356800,9948562,DEPOSITADO,PENDIENTE
7201,091,078,70733841,69395581,885479,1531180800,1630800000,40559871,EMITIDO,APROBADO
1147,076,229,10605140,91488609,377147,1540166400,1658016000,26489286,DEPOSITADO,APROBADO
9653,053,219,71757667,35541153,134160,1620259200,1603238400,8975853,DEPOSITADO,RECHAZADO
0607,026,061,56662960,18285696,785537,1584230400,1580860800,14283860,DEPOSITADO,APROBADO
4332,038,162,32494866,44694703,364864,1487548800,1623196800,35401800,DEPOSITADO,RECHAZADO
0686,086,058,44085660,93057560,22569,1662768000,1514073600,20473692,EMITIDO,PENDIENTE
0513,053,075,61067610,31250152,792508,1637020800,1614816000,30603506,EMITIDO,PENDIENTE
6783,008,297,68238235,13206301,327022,1550966400,1630627200,31715094,EMITIDO,APROBADO
3132,025,200,35013435,24613205,621889,1555891200,1505088000,31941054,EMITIDO,PENDIENTE
7081,029,006,28982566,85782615,595789,1548460800,1641340800,20828086,DEPOSITADO,APROBADO
6577,029,085,40867462,65478896,136216,1589500800,1665273600,28026327,EMITIDO,RECHAZADO
3591,046,284,68121357,74353035,134528,1593734400,1644624000,40559871,EMITIDO,RECHAZADO
8750,029,237,30215014,53723797,30721,1587513600,1499472000,25717582,DEPOSITADO,RECHAZADO
7744,028,119,31840911,41381491,622019,1649116800,1617408000,44917287,EMITIDO,RECHAZADO
4587,045,083,77901787,26489212,650734,1642377600,1662681600,16524963,EMITIDO,RECHAZADO
4913,058,211,65543243,38348350,992149,1648339200,1635811200,28489933,EMITIDO,PENDIENTE
2581,041,268,19554306,89539252,216550,1562716800,1624492800,37502807,EMITIDO,RECHAZADO
5703,037,048,62421164,68078034,842902,1560470400,1557273600,31715094,DEPOSITADO,APROBADO
4642,011,134,82113182,54835817,425768,1665187200,1557878400,32627049,DEPOSITADO,APROBADO
2839,016,038,92849567,54153592,2654,1536364800,1483315200,19040622,DEPOSITADO,RECHAZADO
2015,002,127,86021636,76786730,557075,1610064000,1522972800,40559871,DEPOSITADO,PENDIENTE
6848,032,203,13760519,82618102,995530,1540080000,1578268800,38349512,DEPOSITADO,PENDIENTE
9483,087,166,89196161,70375085,570610,1535068800,1519776000,31533238,EMITIDO,APROBADO
0512,014,186,39267732,27503218,299367,1511136000,1623369600,35798486,DEPOSITADO,RECHAZADO
4645,037,203,81518109,43487388,27325,1576195200,1541203200,35483946,DEPOSITADO,RECHAZADO
6267,066,107,74151364,61837094,334036,1605139200,1518220800,23692549,EMITIDO,APROBADO
2053,017,215,21037815,22657208,220522,1485129600,1660003200,25285204,DEPOSITADO,PENDIENTE
5556,048,014,13087141,57351386,31669,1611014400,1663891200,37254830,EMITIDO,APROBADO
8196,049,267,63590102,49679704,82052,1527984000,1530403200,27368381,EMITIDO,APROBADO
0859,083,194,70484745,14550398,206597,1562284800,1634256000,39094175,DEPOSITADO,RECHAZADO
0481,094,048,89477194,61821642,752025,1492560000,1633996800,34652344,EMITIDO,APROBADO
0686,090,193,94061008,58699756,843264,1609718400,1512432000,40559871,EMITIDO,RECHAZADO
0267,007,007,51836533,11098812,881140,1495756800,1486857600,42196266,EMITIDO,APROBADO
1997,053,174,69415075,97881178,289983,1584576000,1536105600,19008395,DEPOSITADO,RECHAZADO
5883,038,097,12363097,48966935,670360,1632700800,1607817600,35107593,DEPOSITADO,APROBADO
8955,055,177,68284879,39719273,161113,1649462400,1544140800,32008913,EMITIDO,PENDIENTE
4520,055,037,13519072,14675819,210860,1529539200,1506988800,37801435,EMITIDO,RECHAZADO
0407,084,118,42422894,32778525,671680,1670976000,1581638400,37923989,EMITIDO,PENDIENTE
4687,087,017,89446833,26742660,611941,1639785600,1581120000,34923621,DEPOSITADO,RECHAZADO
4447,041,269,41406948,19268633,479361,1488412800,1524268800,42629093,DEPOSITADO,APROBADO
2130,062,187,33198571,99282914,257561,1627862400,1530576000,25634251,DEPOSITADO,PENDIENTE
9521,080,068,46435092,11487185,254814,1576368000,1528934400,40559871,DEPOSITADO,RECHAZADO
9121,039,024,20885381,97213008,872851,1491004800,1626134400,41063484,DEPOSITADO,PENDIENTE
1466,071,138,63692461,88600821,275064,1508112000,1568937600,41935632,EMITIDO,RECHAZADO
9481,095,128,17492042,61366717,138347,1546819200,1617580800,16557986,DEPOSITADO,APROBADO
4887,083,047,40526905,64276300,486043,1647907200,1620777600,27677767,EMITIDO,APROBADO
3668,016,275,35797175,46076187,212152,1562889600,1491955200,26127921,DEPOSITADO,RECHAZADO
2965,024,044,97163607,81590050,690706,1572739200,1634342400,40559871,DEPOSITADO,RECHAZADO
5288,043,009,63171270,66133782,286363,1602979200,1573344000,17732192,DEPOSITADO,APROBADO
2442,036,066,93137590,84887517,937421,1544486400,1506556800,29815589,EMITIDO,PENDIENTE
3972,005,236,84726785,37437313,27399,1517443200,1638748800,23884256,DEPOSITADO,RECHAZADO
2668,022,223,69635980,51953381,124639,1491609600,1562889600,25591310,DEPOSITADO,APROBADO
3346,028,197,59151166,11258063,788047,1509494400,1502668800,21361401,DEPOSITADO,PENDIENTE
8953,090,242,34475944,26573607,665318,1596412800,1574294400,21800555,EMITIDO,APROBADO
6336,060,031,31914802,41673170,616568,1574467200,1551657600,40559871,DEPOSITADO,APROBADO
8816,089,232,83746078,86306517,24491,1573603200,1498867200,23502902,DEPOSITADO,RECHAZADO
9081,019,158,74592904,42530548,390278,1514246400,1573689600,33237630,DEPOSITADO,RECHAZADO
5697,066,010,50833517,41408850,333804,1598140800,1568160000,12559363,DEPOSITADO,RECHAZADO
8300,031,039,21212904,10143827,311043,1524787200,1647993600,41290555,DEPOSITADO,PENDIENTE
7691,062,053,45484239,98724777,701815,1606867200,1535932800,11489485,DEPOSITADO,APROBADO
0102,092,135,13783235,26622360,644267,1495497600,1541894400,20837633,DEPOSITADO,RECHAZADO
3646,080,289,56529853,50029250,291310,1631836800,1543968000,25433388,EMITIDO,PENDIENTE
9487,040,215,25504104,15038308,278606,1510531200,1647216000,38904911,DEPOSITADO,RECHAZADO
1643,069,109,75863860,75340128,76256,1650412800,1635379200,43149241,DEPOSITADO,PENDIENTE
2352,006,109,19300377,33900829,821912,1602547200,1501200000,40559871,DEPOSITADO,RECHAZADO
6157,009,280,34256956,19178565,862355,1568505600,1544918400,34905354,DEPOSITADO,PENDIENTE
8679,072,014,66119945,10691053,5266,1603238400,1633046400,15489789,EMITIDO,APROBADO
3297,093,088,55872004,62822903,714286,1598140800,1607817600,14442245,EMITIDO,RECHAZADO
9073,072,081,77079912,45578007,399220,1532563200,1607126400,27472754,EMITIDO,PENDIENTE
9441,090,228,90511901,29960571,766375,1622937600,1544918400,21541866,EMITIDO,RECHAZADO
2334,082,022,13247007,38287294,704526,1641600000,1650672000,14818848,EMITIDO,RECHAZADO
1852,068,103,77421523,98247170,332881,1522627200,1595548800,13807105,DEPOSITADO,RECHAZADO
4465,089,259,51983133,35141771,347951,1557619200,1613174400,43154893,EMITIDO,APROBADO
0950,057,130,90016876,41505437,427552,1588377600,1527897600,41387411,EMITIDO,PENDIENTE
7702,092,040,18959929,40627954,627118,1542672000,1488499200,11485366,DEPOSITADO,RECHAZADO
3200,069,126,85681822,89473491,80815,1495584000,1584489600,17026244,DEPOSITADO,APROBADO
0946,005,191,30274815,85332524,308911,1579737600,1541462400,15248993,DEPOSITADO,PENDIENTE
6244,039,122,11581214,53574938,793464,1644105600,1557360000,28276475,DEPOSITADO,PENDIENTE
6710,100,093,10195427,13167450,765231,1610582400,1632787200,40559871,DEPOSITADO,PENDIENTE
0347,095,055,82240758,15864922,420124,1533945600,1546387200,26558159,DEPOSITADO,PENDIENTE
0605,052,235,11930052,79585488,974961,1548460800,1642032000,39948756,DEPOSITADO,APROBADO
6102,090,047,30614201,20489331,540083,1648857600,1486166400,18572345,DEPOSITADO,RECHAZADO
3010,013,020,24891219,30904466,73316,1563926400,1650499200,19407214,DEPOSITADO,PENDIENTE
2042,077,218,10304073,61386207,798792,1520380800,1495756800,9730322,EMITIDO,PENDIENTE
3768,099,178,84652616,76978418,140743,1550793600,1616284800,16687019,EMITIDO,PENDIENTE
3248,028,180,57200956,69817087,41184,1548979200,1513814400,39142379,EMITIDO,APROBADO
8122,042,159,83023887,25122292,302814,1499904000,1559952000,11078890,EMITIDO,APROBADO
9848,063,056,64932066,67606489,296669,1615334400,1601856000,35018263,EMITIDO,PENDIENTE
3356,030,251,81448911,74791291,318951,1654905600,1583712000,40559871,DEPOSITADO,RECHAZADO
2418,068,037,85223167,46488292,603238,1661990400,1588291200,14765411,EMITIDO,PENDIENTE
0452,093,122,50693455,39516256,563912,1617580800,1521763200,31687280,DEPOSITADO,APROBADO
9835,041,150,88510871,76332682,200701,1536192000,1513382400,20998926,DEPOSITADO,RECHAZADO
2967,061,176,60772179,19045340,950229,1507593600,1484092800,39541995,DEPOSITADO,APROBADO
7491,050,278,80398603,87553854,43494,1488758400,1616889600,14060740,DEPOSITADO,PENDIENTE
8330,080,103,15301584,87222601,710450,1604275200,1657238400,18959200,EMITIDO,PENDIENTE
6382,074,134,63674781,30855067,491551,1624665600,1647648000,9321285,DEPOSITADO,RECHAZADO
1722,089,072,94086074,26689349,170664,1616198400,1644883200,35018263,EMITIDO,APROBADO
8833,054,085,27562537,20597880,923563,1670630400,1662854400,16240883,DEPOSITADO,RECHAZADO
7015,063,178,17280126,90882796,902556,1495065600,1578355200,32109032,DEPOSITADO,APROBADO
3958,079,242,40989485,68196229,833040,1509753600,1538524800,33669484,EMITIDO,APROBADO
3674,054,154,73716712,80468420,858263,1511654400,1631404800,44641946,DEPOSITADO,RECHAZADO
6306,081,094,63362992,52214189,968070,1660608000,1631491200,23841117,EMITIDO,PENDIENTE
2361,064,047,64236427,11911400,693180,1547078400,1534118400,42773192,DEPOSITADO,RECHAZADO
4757,089,246,18690485,91684388,193934,1640390400,1634428800,37216372,DEPOSITADO,APROBADO
3805,031,079,71584355,63149276,876904,1668556800,1600128000,8157336,DEPOSITADO,PENDIENTE
7191,004,145,55182920,34128023,191712,1548460800,1561075200,31662005,DEPOSITADO,APROBADO
0168,024,143,32045563,66958604,668484,1631836800,1503273600,35018263,DEPOSITADO,RECHAZADO
9468,074,211,97466829,24730906,664023,1551225600,1627344000,27172101,EMITIDO,PENDIENTE
0523,088,248,81490988,34091783,39727,1531094400,1642032000,44774951,DEPOSITADO,APROBADO
2734,056,053,74626734,65353573,545742,1584403200,1500595200,14581479,DEPOSITADO,RECHAZADO
0779,084,013,31935681,91156267,464169,1610150400,1643068800,30278443,DEPOSITADO,APROBADO
5385,004,131,12531356,57933480,792933,1583452800,1671148800,38272516,EMITIDO,PENDIENTE
5591,029,030,16973729,48737368,393343,1564704000,1509494400,16367168,DEPOSITADO,PENDIENTE
9076,047,243,10184091,59063634,125644,1628380800,1595376000,44674694,DEPOSITADO,PENDIENTE
8488,034,243,16116765,17942585,349155,1565568000,1571097600,44803361,EMITIDO,APROBADO
5616,073,138,20398046,36448136,369276,1612742400,1635292800,18596528,EMITIDO,RECHAZADO
6183,017,034,28174499,12394239,66934,1488153600,1634428800,35208188,DEPOSITADO,APROBADO
4515,074,148,12072030,42408254,687613,1601769600,1578009600,23950277,DEPOSITADO,APROBADO
0294,071,025,52488944,41752489,99416,1582329600,1629936000,35018263,DEPOSITADO,PENDIENTE
5376,042,042,96464831,52109011,139246,1644537600,1491696000,41019372,DEPOSITADO,APROBADO
2116,068,138,94611781,38455473,983196,1608249600,1504310400,41926661,EMITIDO,RECHAZADO
1287,052,077,33505088,76223532,320802,1501804800,1607472000,12604023,EMITIDO,RECHAZADO
6729,001,022,52572188,76795414,849576,1515369600,1620172800,43444036,EMITIDO,RECHAZADO
1292,068,147,13444940,87697373,466110,1586044800,1614470400,19863138,DEPOSITADO,RECHAZADO
5063,039,129,16267467,94530169,718410,1487894400,1636761600,29583191,EMITIDO,RECHAZADO
8828,033,232,63651620,34663792,831678,1533945600,1594944000,8230629,EMITIDO,PENDIENTE
0963,074,135,61928380,94133122,579989,1507852800,1505433600,15277138,DEPOSITADO,APROBADO
3616,082,039,18314230,73460495,979590,1550361600,1552521600,41323424,DEPOSITADO,APROBADO
7817,019,211,40557611,76646124,106431,1505001600,1543968000,24742199,DEPOSITADO,RECHAZADO
6967,093,127,95743630,83178087,175887,1537401600,1495843200,35018263,DEPOSITADO,PENDIENTE
3749,081,042,73599742,67420764,664222,1553472000,1653177600,17596506,DEPOSITADO,PENDIENTE
0683,004,171,15587227,92703658,738222,1594166400,1500595200,10244574,EMITIDO,PENDIENTE
9094,058,291,73043754,22449940,645984,1599609600,1492732800,22804959,EMITIDO,PENDIENTE
1441,020,267,76267333,19485668,174455,1494979200,1591488000,9672007,DEPOSITADO,RECHAZADO
9600,020,015,98604084,33586982,999283,1518307200,1604534400,17494384,DEPOSITADO,PENDIENTE
1655,040,280,50894467,39510575,753818,1529366400,1499299200,24998127,EMITIDO,RECHAZADO
3398,089,061,31704042,19212079,86195,1583884800,1520640000,37601389,EMITIDO,RECHAZADO
3735,033,297,21557030,60741814,725061,1562544000,1591920000,28790247,DEPOSITADO,APROBADO
7265,007,181,84997761,28571071,361434,1616630400,1518480000,35681648,DEPOSITADO,PENDIENTE
6094,006,199,57571409,84521011,858994,1589760000,1523836800,20034597,EMITIDO,APROBADO
2552,044,073,67783520,55027011,32965,1562716800,1525651200,22352013,DEPOSITADO,APROBADO
1454,050,019,86033201,25128470,5652,1591488000,1563753600,42355009,DEPOSITADO,APROBADO
3246,057,214,41361747,76919783,952427,1528156800,1493856000,10992078,EMITIDO,APROBADO
5092,073,203,96931239,24577335,159205,1580601600,1514764800,18086405,EMITIDO,APROBADO
7896,076,103,50638090,59575184,229459,1485216000,1524355200,38972633,EMITIDO,PENDIENTE
5805,079,003,86158712,50915346,748082,1631836800,1641600000,26486881,EMITIDO,RECHAZADO
5579,100,269,88554159,34697104,173886,1609113600,1603324800,34684213,DEPOSITADO,PENDIENTE
2739,040,141,89768781,64288216,273985,1598140800,1634601600,35018263,DEPOSITADO,RECHAZADO
3850,004,105,46979762,14024988,396685,1507593600,1491091200,40357719,DEPOSITADO,RECHAZADO
3336,008,178,71762965,64890259,387710,1551484800,1508371200,42049982,DEPOSITADO,PENDIENTE
1384,080,243,35349549,68552671,891065,1652054400,1640304000,24902491,DEPOSITADO,PENDIENTE
6072,089,092,26575420,48508449,380881,1511049600,1671235200,13190375,EMITIDO,APROBADO
5627,075,237,74610213,89717614,286442,1492905600,1579305600,16763654,EMITIDO,PENDIENTE
5980,046,163,37034575,80803080,328361,1604966400,1586217600,35018263,DEPOSITADO,PENDIENTE
8453,052,033,84183675,44652191,389173,1638921600,1628726400,22579094,DEPOSITADO,RECHAZADO
9868,016,086,13954450,80339164,158519,1546732800,1531180800,17464480,DEPOSITADO,RECHAZADO
8453,052,103,48130212,86650482,786149,1515196800,1518134400,35018263,EMITIDO,RECHAZADO
2257,007,022,63163459,91841504,666638,1600819200,1572652800,14679053,EMITIDO,RECHAZADO
4379,090,255,53188911,41440874,328374,1657324800,1598486400,36370979,EMITIDO,APROBADO
4773,031,273,88012264,47100209,19411,1555977600,1541116800,35018263,DEPOSITADO,RECHAZADO
5327,061,223,23529293,90629978,400121,1522627200,1487203200,19247636,DEPOSITADO,RECHAZADO
6709,049,152,57248598,78032451,981563,1613433600,1608336000,35018263,EMITIDO,PENDIENTE
